処理コード	種類	キーワード	発動タイミング	効果消失タイミング	持続時間	強制or任意	備考
on_play	trigger	【登場時】,登場したとき	デジモン/テイマーが登場した時		即時	強制/任意	登場後に発動。任意ならダイアログ確認
on_evolve	trigger	【進化時】,進化したとき	デジモンが進化した時		即時	強制/任意	進化後1ドローの後に発動
on_attack	trigger	【アタック時】,アタックしたとき	デジモンがアタック宣言した時		即時	強制/任意	レスト→アタック時効果→ブロック確認→バトル の順
on_attack_end	trigger	【アタック終了時】	バトル勝利後/セキュリティチェック完了後		即時	強制/任意
on_destroy	trigger	【消滅時】,消滅したとき	DPが0以下 or 効果で消滅し、トラッシュに送られた時		即時	強制/任意	進化元ごとトラッシュへ送った後に発動
when_destroy	trigger	消滅するとき	消滅が確定し、トラッシュに送られる直前		即時	強制	消滅を置換する効果等
when_blocked	trigger	ブロックされたとき,ブロックされた時	アタック中のデジモンがブロックされた時		即時	強制/任意	アタッカー側のカードで発動
when_attacked	trigger	アタックされたとき,アタックされた時	相手のアタック対象になった時		即時	強制/任意	防御側のカードで発動
when_rest	trigger	レストしたとき	カードがレスト状態になった時		即時	強制/任意
when_leave_battle	trigger	バトルエリアを離れるとき	手札/デッキ/トラッシュ等に移動する時		即時	強制/任意
when_security_decrease	trigger	セキュリティが減ったとき	セキュリティの枚数が減った時		即時	強制/任意
when_return_to_hand	trigger	手札に戻ったとき	バトルエリアから手札に戻った時		即時	強制/任意
when_target_changed	trigger	アタック対象が変更されたとき	ブロック等でアタック対象が変わった時		即時	強制/任意
on_own_turn_start	trigger	【自分のターン開始時】	自分のターン開始直後（アクティブフェイズの前）		即時	強制/任意	全カードスキャン
on_own_turn_end	trigger	【自分のターン終了時】	メモリーが相手側に入った時/手動ターン終了時		即時	強制/任意	全カードスキャン
on_opp_turn_start	trigger	【相手のターン開始時】	相手のターン開始直後		即時	強制/任意	全カードスキャン
on_opp_turn_end	trigger	【相手のターン終了時】	相手のターンが終了した時		即時	強制/任意	全カードスキャン
on_main_phase_start	trigger	【メインフェイズ開始時】	自分のメインフェイズ開始直後		即時	強制/任意
on_opp_main_phase_start	trigger	【相手のメインフェイズ開始時】	相手のメインフェイズ開始直後		即時	強制/任意
main	trigger	【メイン】	メインフェイズ中、プレイヤーの任意タイミング		即時	任意	長押しメニューの「効果」ボタンから発動
security	trigger	【セキュリティ】	セキュリティからめくられた時		即時	強制	セキュリティチェックでめくれた時に即発動
counter	trigger	【カウンター】	相手のデジモンのアタック時		即時	任意	手札から使用可能
from_hand	trigger	【手札】	手札にある時、メインフェイズ中に任意発動		即時	任意
from_trash	trigger	【トラッシュ】	トラッシュにある時、メインフェイズ中に任意発動		即時	任意
during_own_turn	continuous	【自分のターン】	自分のターン開始時	自分のターン終了時	永続	強制	条件付きの場合あり（「いる間」等）
during_opp_turn	continuous	【相手のターン】	相手のターン開始時	相手のターン終了時	永続	強制	条件付きの場合あり
during_any_turn	continuous	【お互いのターン】	常時有効		永続	強制	条件付きの場合あり
blocker	passive	【ブロッカー】			永続	任意	アクティブ状態で相手アタック時、レストしてアタック先を自身に変更
security_attack_plus	passive	【Sアタック+{N}】			永続	強制	セキュリティチェック回数が1+N回になる
rush	passive	【速攻】			永続	強制	登場ターンでもアタック可能
piercing	passive	【突進】			永続	強制	アクティブ状態の相手デジモンにもアタック可能
penetrate	passive	【貫通】			永続	強制	相手デジモンとのバトル勝利時にセキュリティチェック追加
jamming	passive	【ジャミング】			永続	強制	セキュリティデジモンとのバトルで負けても消滅しない
reboot	passive	【再起動】			永続	強制	相手のアクティブフェイズでもアクティブになる
armor	passive	【アーマー体】			永続	強制	アーマー体進化/消滅時にアーマー解除
limit_once_per_turn	limit	【ターンに1回】,ターンに一回			-	-	同ターン内では1回のみ発動可能
when_own_block	trigger	自分のブロッカーがレストしたとき		相手ターン中、自デジがブロックでレストした時	即時	任意	八神太一(黒)等。ターンプレイヤー側のテイマーが反応
when_own_destroyed	trigger	自分のデジモンが消滅したとき			即時	任意	石田ヤマト(紫)等。同side側のテイマー/デジモンが反応
on_battle_destroy	trigger	バトルで消滅したとき		効果消滅は除外	即時	強制/任意	道連れ等用。on_destroyと別経路
on_battle_win	trigger	バトル勝利時			即時	強制/任意	自身生存・相手消滅で発動
when_opp_rest	trigger	相手のデジモンがレストしたとき			即時	任意	泉光子郎等
michizure	passive	【道連れ】			即時	強制	バトルで自分だけ消滅時、バトルした相手も消滅(公式18-13)
charge	passive	【進撃】			永続	任意	メモリーが相手側1以上のとき、このデジモンでアタック宣言可(公式18-16)
collision	passive	【衝突】			永続	強制	アタック中、相手のデジモンを参照するキーワード(公式18-30、仕様要確認)
evade	passive	【回避】			即時	任意	消滅するとき、このデジモンをレストすることで消滅しない(公式18-22)
barrier	passive	【防壁】			即時	任意	バトルで消滅するとき、自分のセキュリティ上1枚破棄で消滅しない(公式18-25)
armor_break	passive	【アーマー解除】			即時	任意	消滅するとき、進化元上1枚破棄で消滅しない(公式18-19)
indomitable	passive	【不屈】			即時	強制	進化元持ちが消滅したとき、コスト無しで登場(公式18-27)
combo	passive	【連携】			即時	任意	アタック時、他デジモンレストでDP+(対象DP)とSアタック+1(公式18-24、要詳細実装)
absorb_evolve	action	【吸収進化】			即時	強制	手札のデジモンカードを進化元として進化(公式18-10、未実装)
delay	action	【ディレイ】			即時	任意	このカード破棄で指定の効果発揮(公式18-17、未実装)
decoy	passive	【デコイ】			即時	任意	指定の他のデジモンが消滅するとき身代わり(公式18-18、未実装)
save	passive	【セーブ】			永続	任意	自分のテイマー1体の下に置く(公式18-20、未実装)
material_save	passive	【マテリアルセーブ】			即時	任意	消滅時、進化元のデジクロス条件カードをテイマー下に置く(公式18-21、未実装)
mind_link	passive	【マインドリンク】			永続	任意	テイマーを進化元下に置く(公式18-28、未実装)
partition	passive	【パーティション】			即時	任意	バトルエリアを離れるとき、進化元から登場(公式18-29、未実装)
scapegoat	passive	【スケープゴート】			即時	任意	自分の効果以外で消滅するとき、他のデジモン消滅で身代わり(公式18-32、未実装)
vortex	passive	【ヴォルテクス】			永続	強制	(公式18-33、仕様要確認)
blast_evolve	action	【ブラスト進化】			即時	任意	手札のこのカードにコスト無しで進化(公式18-26、未実装)
blast_jogress	action	【ブラストジョグレス】			即時	任意	コストを支払ってジョグレス進化(公式18-31、未実装)
overclock	passive	【オーバークロック】			永続	強制	(独自キーワード、仕様要確認)
ice_armor	passive	【氷装】			永続	強制	(独自キーワード、仕様要確認)
decode	action	【デコード】			即時	任意	(独自キーワード、仕様要確認)
fragment	passive	【フラグメント】			永続	強制	(独自キーワード、仕様要確認)
execute	action	【エグゼキュート】			即時	任意	(独自キーワード、仕様要確認)
progress	passive	【プログレス】			永続	強制	(独自キーワード、仕様要確認)
training	passive	【トレーニング】			永続	強制	(独自キーワード、仕様要確認)
cond_dp_le	condition	DP以下					DPがN以下のデジモンのみ対象/条件成立
cond_dp_ge	condition	DP以上					DPがN以上のデジモンのみ対象/条件成立
cond_lv_le	condition	Lv.以下					Lv.がN以下のデジモンのみ対象/条件成立
cond_lv_ge	condition	Lv.以上					Lv.がN以上のデジモンのみ対象/条件成立
cond_cost_le	condition	コスト以下					登場コストがN以下のデジモンのみ対象
cond_cost_ge	condition	コスト以上					登場コストがN以上のデジモンのみ対象
cond_no_evo	condition	進化元を持たない,進化元がない					進化元が無いデジモンのみ対象
cond_has_evo	condition	進化元をN枚以上持つ					進化元がN枚以上のデジモンのみ対象
cond_exists	condition	いるとき,がいる間,がいるとき					条件を満たすカードが存在するときのみ発動
cond_jogress	condition	ジョグレス進化していたなら					ジョグレス進化が成立していた場合のみ
cond_in_battle	condition	バトルしている間					バトル中のみ発動（セキュリティバトル含む）
cond_battle_destroy	condition	バトルで消滅					バトル(DP比較)で消滅した場合のみ。効果消滅は除外
cond_color	condition	指定色					指定色のカードのみ対象
cond_feature	condition	指定特徴					指定特徴を持つカードのみ対象
cond_memory_opponent	condition	メモリーが相手側					メモリーが相手側のN以上のとき発動（進撃等）
cond_no_tamer_evo	condition	進化元にテイマーカードが無い					進化元にテイマーが無いデジモンのみ対象
cond_not_own_effect	condition	自分の効果以外					自分の効果以外で消滅した場合のみ（スケープゴート等）
cond_name_contains	condition	名称に含む					名称に指定文字列を含むカードのみ対象
cond_feature_contains	condition	特徴に含む					特徴に指定文字列を含むカードのみ対象
cond_link_state	condition	リンク状態					リンク状態のカードのみ対象
cond_link_eligible	condition	リンク条件を満たす					リンク条件を満たす場合のみ
cond_assembly_eligible	condition	アセンブリ条件を満たす					アセンブリ条件を満たす場合のみ
cond_digicross	condition	デジクロスしていたなら					デジクロスでカードが下に置かれた場合のみ
cond_own_security_le	condition	自分のセキュリティ以下,自分のセキュリティが枚以下					自分のセキュリティ枚数がN以下なら発動
cond_attack_target_digimon	condition	相手のデジモンにアタックしたとき					アタック対象がデジモンの場合のみ発動
cond_during_own_turn	condition	自分のターン中					自分のターン中のみ発動条件を満たす
cond_during_opp_turn	condition	相手のターン中					相手のターン中のみ発動条件を満たす
cond_self_active	condition	このデジモンがアクティブの間					自身がアクティブ状態のみ条件成立
cond_opp_no_attack_this_turn	condition	相手がアタックしていない					このターンに相手のデジモンが1度もアタックしていない場合
cond_own_trash_ge	condition	自分のトラッシュN枚以上					自分のトラッシュがN枚以上の間